ON IP 192.168.5.168 and MAC C8:4B:D6:0A:77:2D and my hostname is A-76MRRL3, Dell
ON IP 192.168.12.102 and MAC 18:68:CB:45:1A:AE and my hostname is Not present, Hikvision CCTV
ON IP 192.168.5.172 and MAC B8:27:EB:B4:81:6D and my hostname is KALI, Raspberry Pi
TO IP 192.168.5.168 and MAC C0:25:A5:66:81:FC, Dell
ON IP 192.168.5.17 and MAC A4:4C:C8:50:C3:6B and my hostname is Not present, Dell
ON IP 192.168.5.220 and MAC BC:5F:F4:45:7C:1E and my hostname is Not present, ASRock/Assus
ON IP 192.168.5.168 and MAC C8:4B:D6:0A:77:2D and my hostname is A-76MRRL3, Dell
ON IP 192.168.12.102 and MAC 18:68:CB:45:1A:AE and my hostname is Not present, Hikvision CCTV
ON IP 192.168.5.172 and MAC B8:27:EB:B4:81:6D and my hostname is KALI, Raspberry Pi
TO IP 192.168.5.168 and MAC C0:25:A5:66:81:FC, Dell
ON IP 192.168.5.17 and MAC A4:4C:C8:50:C3:6B and my hostname is Not present, Dell
ON IP 192.168.5.220 and MAC BC:5F:F4:45:7C:1E and my hostname is Not present, ASRock/Assus
ON IP 192.168.5.168 and MAC C8:4B:D6:0A:77:2D and my hostname is A-76MRRL3, Dell
ON IP 192.168.12.102 and MAC 18:68:CB:45:1A:AE and my hostname is Not present, Hikvision CCTV
ON IP 192.168.5.172 and MAC B8:27:EB:B4:81:6D and my hostname is KALI, Raspberry Pi
TO IP 192.168.5.168 and MAC C0:25:A5:66:81:FC, Dell
ON IP 192.168.5.17 and MAC A4:4C:C8:50:C3:6B and my hostname is Not present, Dell
ON IP 192.168.5.220 and MAC BC:5F:F4:45:7C:1E and my hostname is Not present, ASRock/Assus
ON IP 192.168.5.168 and MAC C8:4B:D6:0A:77:2D and my hostname is A-76MRRL3, Dell
ON IP 192.168.12.102 and MAC 18:68:CB:45:1A:AE and my hostname is Not present, Hikvision CCTV
ON IP 192.168.5.172 and MAC B8:27:EB:B4:81:6D and my hostname is KALI, Raspberry Pi
TO IP 192.168.5.21 and MAC C0:25:A5:66:81:FC, Dell
ON IP 192.168.5.17 and MAC A4:4C:C8:50:C3:6B and my hostname is Not present, Dell
ON IP 192.168.5.220 and MAC BC:5F:F4:45:7C:1E and my hostname is Not present, ASRock/Assus
ON IP 192.168.5.168 and MAC C8:4B:D6:0A:77:2D and my hostname is A-76MRRL3, Dell
ON IP 192.168.12.102 and MAC 18:68:CB:45:1A:AE and my hostname is Not present, Hikvision CCTV
ON IP 192.168.5.172 and MAC B8:27:EB:B4:81:6D and my hostname is KALI, Raspberry Pi
TO IP 192.168.5.21 and MAC C0:25:A5:66:81:FC, Dell
ON IP 192.168.5.17 and MAC A4:4C:C8:50:C3:6B and my hostname is Not present, Dell
ON IP 192.168.5.220 and MAC BC:5F:F4:45:7C:1E and my hostname is Not present, ASRock/Assus
ON IP 192.168.5.168 and MAC C8:4B:D6:0A:77:2D and my hostname is A-76MRRL3, Dell
ON IP 192.168.12.102 and MAC 18:68:CB:45:1A:AE and my hostname is Not present, Hikvision CCTV
ON IP 192.168.5.172 and MAC B8:27:EB:B4:81:6D and my hostname is KALI, Raspberry Pi
TO IP 192.168.5.21 and MAC C0:25:A5:66:81:FC, Dell
ON IP 192.168.5.17 and MAC A4:4C:C8:50:C3:6B and my hostname is Not present, Dell
ON IP 192.168.5.220 and MAC BC:5F:F4:45:7C:1E and my hostname is Not present, ASRock/Assus
ON IP 192.168.5.168 and MAC C8:4B:D6:0A:77:2D and my hostname is A-76MRRL3, Dell
ON IP 192.168.12.102 and MAC 18:68:CB:45:1A:AE and my hostname is Not present, Hikvision CCTV
ON IP 192.168.5.172 and MAC B8:27:EB:B4:81:6D and my hostname is KALI, Raspberry Pi
TO IP 192.168.5.21 and MAC C0:25:A5:66:81:FC, Dell
ON IP 192.168.5.17 and MAC A4:4C:C8:50:C3:6B and my hostname is Not present, Dell
ON IP 192.168.5.220 and MAC BC:5F:F4:45:7C:1E and my hostname is Not present, ASRock/Assus
ON IP 192.168.5.168 and MAC C8:4B:D6:0A:77:2D and my hostname is A-76MRRL3, Dell
ON IP 192.168.12.102 and MAC 18:68:CB:45:1A:AE and my hostname is Not present, Hikvision CCTV
ON IP 192.168.5.172 and MAC B8:27:EB:B4:81:6D and my hostname is KALI, Raspberry Pi
TO IP 192.168.5.21 and MAC C0:25:A5:66:81:FC, Dell
ON IP 192.168.5.17 and MAC A4:4C:C8:50:C3:6B and my hostname is Not present, Dell
ON IP 192.168.5.220 and MAC BC:5F:F4:45:7C:1E and my hostname is Not present, ASRock/Assus
